,air,ami,ana,animal,anniversaire,année,araignée,arbre,assiette,avion,bain,balle,ballon,bateau,bec,bib,biberon,bisou,bleu,bois,boite,bonbon,bonhomme,bonhommes,bord,bosse,botte,bouche,boule,bout,bouteille,bouton,boîte,bras,bruit,bébé,bête,bêtise,c,cabane,caca,cache+cache,cadeau,caillou,camion,canapé,canard,carré,carte,carton,casquette,cerf,chagrin,chaise,chambre,chanson,chapeau,chaperon,chat,chausson,chaussure,cheval,cheveux,chien,chose,château,clown,coccinelle,cochon,coeur,coin,collier,corne,couche,couette,couleur,coup,crayon,crotte,cuillère,câlin,côté,d,dame,dauphin,dent,dessin,dodo,doigt,e,eau,en_plus,endroit,enfant,escargot,faim,fait,famille,fantôme,fenêtre,fesse,feu,feuille,fille,film,fin,fleur,foi,forme,front,frère,gant,garçon,gommette,grain,graine,grenouille,gâteau,habit,haricot,hein,heure,hippopotame,histoire,homme,hop,hélice,i,idée,image,j,jambe,jeu,jouet,jour,l,lait,langue,lapin,lettre,lion,lit,livre,locomotive,loup,lumière,lune,lunette,magasin,main,maison,maman,manche,marche,ment,merci,micro,miette,monsieur,morceau,mot,mousse,mouton,mur,méchant,nat,nez,noeud,nounours,nuage,oeil,oeuf,oeuvre,oiseau,oreille,ouais,oui,ours,ourse,p,pa,page,panda,pantalon,papa,papillon,paquet,parc,part,patte,peinture,pelle,perle,personnage,photo,pied,pile,pinceau,pipi,pièce,place,plan,poche,poil,point,poire,pois,poisson,pomme,pompier,poney,pot,pouce,poule,poupée,poussette,poussin,problème,puzzle,pâte,queue,ra,rayure,renard,robe,rond,rouge,sac,sens,singe,sirène,soeur,soleil,sourire,souris,t,table,tableau,tabouret,tapis,tas,tasse,temps,tien,tigre,toi,tour,train,trait,trotte,trou,truc,tunnel,téléphone,tête,vache,vas_y,veau,ventre,verre,voiture,voix,vélo,xxx,yeux,yyy,éléphant,étoile
autre,=0,=3,=9,=12,=0,=0,=0,=9,=0,=0,=0,=12,=6,=6,=0,=9,=27,=0,=9,=0,=0,=0,=15,=6,=3,=0,=0,=0,=0,=24,=6,=3,=9,=27,=3,=21,=0,=0,=0,=0,=0,=0,=6,=0,=6,=0,=0,=0,=45,=0,=0,=0,=0,=30,=15,=6,=0,=0,=12,=18,=0,=0,=0,=6,=306,=3,=0,=0,=0,=0,=3,=0,=0,=3,=0,=21,=0,=3,=0,=9,=0,=189,=0,=6,=0,=0,=3,=0,=0,=0,=0,=0,=9,=12,=0,=0,=12,=9,=3,=0,=0,=0,=21,=3,=0,=0,=12,=33,=6,=0,=0,=0,=3,=0,=0,=0,=0,=0,=0,=0,=9,=0,=0,=81,=0,=3,=9,=12,=24,=9,=3,=0,=54,=9,=27,=0,=0,=9,=9,=15,=0,=21,=72,=3,=0,=0,=0,=0,=0,=27,=12,=6,=0,=0,=0,=0,=0,=0,=0,=33,=0,=0,=0,=0,=0,=3,=0,=0,=3,=0,=6,=0,=0,=21,=15,=6,=9,=0,=0,=0,=6,=12,=0,=0,=6,=3,=0,=0,=0,=36,=0,=0,=3,=3,=6,=24,=12,=6,=0,=9,=0,=0,=3,=0,=0,=0,=0,=21,=0,=0,=0,=0,=0,=0,=3,=0,=0,=0,=27,=6,=0,=3,=0,=0,=0,=3,=9,=0,=123,=0,=0,=0,=0,=0,=0,=0,=9,=3,=0,=0,=3,=0,=0,=0,=0,=3,=3,=9,=0,=0,=12,=3,=0,=6,=3,=0,=0,=0,=0,=3,=57,=0,=3,=12,=0,=33,=12,=0
bas,=0,=0,=0,=0,=0,=0,=0,=0,=0,=0,=0,=0,=0,=0,=0,=0,=0,=0,=0,=0,=0,=0,=0,=0,=0,=0,=0,=0,=0,=0,=0,=0,=0,=0,=0,=0,=0,=0,=3,=0,=0,=0,=0,=0,=0,=0,=0,=0,=0,=0,=0,=0,=0,=0,=0,=0,=0,=0,=0,=0,=0,=0,=0,=0,=0,=0,=0,=0,=0,=0,=0,=0,=0,=0,=0,=0,=0,=0,=0,=0,=0,=0,=3,=0,=0,=0,=0,=3,=0,=0,=0,=0,=0,=0,=0,=0,=0,=0,=0,=0,=0,=0,=0,=0,=0,=0,=0,=0,=0,=0,=0,=0,=0,=0,=0,=0,=0,=0,=0,=0,=6,=0,=0,=0,=0,=3,=0,=0,=0,=0,=6,=0,=0,=0,=0,=0,=0,=0,=0,=0,=0,=0,=0,=0,=0,=0,=0,=0,=0,=0,=0,=0,=0,=0,=0,=0,=0,=0,=0,=0,=0,=0,=0,=0,=0,=3,=0,=0,=0,=0,=0,=0,=0,=3,=0,=0,=9,=0,=0,=0,=0,=0,=0,=0,=3,=0,=0,=0,=0,=0,=0,=0,=0,=0,=0,=0,=0,=0,=0,=0,=0,=0,=0,=0,=0,=0,=0,=0,=0,=0,=0,=0,=0,=0,=0,=0,=0,=0,=0,=0,=0,=0,=0,=0,=0,=0,=0,=0,=0,=0,=0,=0,=0,=0,=0,=0,=0,=0,=0,=0,=0,=0,=0,=0,=0,=0,=0,=0,=0,=0,=0,=0,=0,=0,=0,=0,=0,=0,=0,=0,=0,=3,=0,=0,=0,=12,=0,=0
beau,=0,=0,=0,=3,=0,=0,=0,=0,=0,=0,=0,=0,=0,=3,=0,=0,=0,=0,=0,=0,=0,=0,=0,=0,=0,=0,=0,=0,=0,=0,=0,=0,=0,=0,=0,=27,=0,=0,=9,=0,=0,=0,=0,=3,=0,=12,=0,=0,=0,=0,=0,=0,=0,=0,=0,=0,=57,=0,=18,=0,=3,=3,=0,=6,=6,=42,=0,=0,=0,=0,=0,=9,=0,=0,=0,=3,=0,=0,=0,=0,=0,=0,=3,=0,=0,=3,=33,=0,=0,=0,=0,=0,=0,=0,=0,=0,=9,=0,=0,=0,=0,=0,=0,=0,=0,=0,=3,=0,=0,=18,=0,=0,=6,=0,=0,=0,=0,=0,=6,=0,=21,=0,=0,=0,=0,=0,=0,=0,=0,=0,=0,=0,=0,=0,=0,=0,=0,=0,=0,=0,=0,=0,=6,=0,=0,=0,=0,=0,=0,=0,=0,=9,=0,=0,=3,=0,=0,=0,=0,=0,=0,=0,=3,=0,=0,=3,=0,=0,=0,=12,=0,=3,=0,=6,=0,=3,=0,=0,=0,=0,=0,=0,=0,=0,=0,=3,=0,=0,=0,=0,=3,=0,=0,=0,=0,=0,=0,=0,=3,=0,=0,=0,=0,=0,=0,=0,=0,=3,=0,=0,=0,=0,=0,=0,=0,=0,=0,=0,=0,=0,=0,=3,=6,=0,=3,=3,=0,=0,=0,=0,=0,=0,=0,=12,=0,=0,=0,=0,=0,=0,=0,=0,=3,=0,=0,=0,=3,=6,=0,=0,=0,=0,=0,=0,=0,=0,=0,=0,=0,=0,=0,=0,=0,=6,=9,=9,=0,=0
blanc,=0,=0,=0,=0,=0,=0,=0,=0,=0,=0,=0,=0,=0,=0,=0,=0,=0,=0,=0,=0,=0,=0,=0,=0,=0,=0,=0,=0,=0,=0,=0,=6,=0,=0,=0,=0,=0,=0,=6,=0,=0,=0,=0,=18,=0,=0,=0,=0,=0,=0,=0,=0,=0,=3,=0,=0,=0,=0,=0,=0,=0,=3,=0,=0,=0,=0,=0,=0,=0,=0,=0,=0,=0,=0,=0,=0,=0,=0,=0,=0,=0,=3,=0,=0,=0,=0,=0,=0,=0,=0,=0,=0,=0,=0,=0,=0,=0,=0,=0,=0,=0,=0,=6,=0,=0,=3,=0,=0,=0,=0,=0,=0,=0,=0,=0,=0,=0,=0,=0,=0,=0,=0,=0,=0,=0,=0,=0,=0,=0,=0,=0,=0,=0,=0,=0,=3,=0,=0,=0,=0,=0,=0,=0,=0,=0,=0,=0,=0,=0,=6,=0,=0,=0,=0,=0,=0,=0,=0,=0,=0,=0,=0,=0,=0,=0,=0,=0,=0,=3,=0,=0,=0,=0,=6,=0,=0,=0,=3,=0,=0,=0,=0,=0,=0,=0,=0,=0,=0,=0,=0,=12,=0,=0,=0,=0,=0,=0,=0,=0,=0,=0,=0,=0,=6,=0,=0,=3,=0,=0,=0,=0,=0,=0,=0,=0,=0,=0,=0,=0,=0,=0,=0,=0,=0,=0,=6,=0,=0,=0,=0,=0,=0,=0,=0,=0,=3,=3,=9,=0,=0,=0,=0,=0,=0,=6,=0,=0,=0,=0,=0,=0,=6,=0,=0,=0,=0,=0,=0,=0,=0,=0,=0,=0,=0,=0,=0,=0,=0
bleu,=0,=0,=0,=0,=0,=0,=0,=0,=0,=0,=0,=0,=0,=0,=0,=0,=0,=0,=0,=0,=0,=0,=3,=0,=0,=0,=0,=0,=3,=3,=0,=3,=0,=0,=0,=0,=3,=0,=0,=0,=0,=0,=0,=0,=0,=0,=0,=0,=9,=0,=0,=0,=0,=15,=0,=0,=0,=0,=0,=27,=0,=0,=0,=0,=0,=0,=0,=0,=0,=0,=0,=0,=0,=0,=0,=12,=0,=0,=0,=0,=0,=0,=0,=0,=0,=0,=0,=0,=0,=0,=0,=3,=0,=0,=0,=0,=0,=3,=0,=0,=0,=0,=0,=0,=0,=0,=15,=0,=0,=0,=0,=0,=0,=3,=0,=0,=0,=0,=0,=0,=0,=0,=3,=0,=0,=0,=0,=0,=0,=0,=0,=0,=0,=0,=0,=0,=0,=0,=0,=3,=0,=0,=0,=0,=0,=0,=0,=0,=0,=9,=3,=0,=0,=0,=0,=0,=0,=0,=0,=0,=0,=0,=0,=0,=0,=0,=0,=0,=0,=0,=0,=0,=0,=0,=0,=0,=0,=0,=0,=0,=0,=0,=0,=0,=0,=3,=0,=0,=0,=0,=3,=0,=0,=0,=0,=0,=0,=0,=0,=0,=0,=0,=0,=0,=0,=0,=0,=0,=0,=0,=0,=0,=0,=0,=0,=0,=0,=0,=0,=0,=0,=0,=3,=0,=0,=0,=0,=0,=0,=0,=0,=0,=0,=0,=0,=0,=3,=0,=0,=0,=0,=0,=0,=0,=0,=0,=0,=3,=6,=0,=0,=3,=0,=0,=0,=3,=0,=0,=0,=0,=3,=0,=0,=0,=6,=12,=3,=3
bon,=12,=0,=6,=0,=3,=0,=0,=0,=0,=0,=15,=0,=0,=0,=0,=0,=0,=0,=0,=0,=0,=0,=0,=0,=0,=0,=0,=0,=0,=0,=0,=0,=0,=3,=0,=0,=0,=0,=15,=0,=3,=0,=0,=0,=0,=0,=0,=0,=0,=0,=0,=0,=0,=0,=0,=0,=0,=0,=0,=0,=3,=0,=0,=0,=9,=0,=0,=0,=0,=0,=0,=0,=0,=0,=0,=9,=12,=0,=0,=0,=0,=15,=0,=0,=0,=0,=0,=0,=3,=3,=0,=0,=3,=0,=0,=0,=0,=0,=0,=0,=0,=0,=0,=0,=0,=15,=0,=0,=3,=0,=0,=0,=0,=0,=0,=0,=0,=0,=0,=0,=117,=15,=0,=0,=0,=0,=0,=0,=165,=0,=27,=0,=3,=0,=0,=12,=0,=0,=0,=0,=0,=3,=0,=0,=0,=0,=0,=0,=0,=9,=0,=3,=0,=0,=3,=3,=0,=0,=0,=3,=0,=0,=0,=0,=0,=0,=0,=0,=0,=0,=0,=3,=0,=0,=3,=18,=6,=0,=0,=15,=3,=0,=0,=3,=0,=0,=0,=0,=0,=0,=0,=0,=0,=0,=0,=3,=0,=0,=0,=0,=3,=0,=0,=3,=0,=0,=0,=3,=0,=0,=0,=0,=0,=0,=3,=0,=0,=0,=0,=0,=0,=3,=0,=0,=0,=0,=0,=0,=81,=0,=0,=0,=0,=0,=0,=18,=0,=0,=0,=0,=0,=0,=0,=3,=0,=0,=0,=0,=0,=0,=0,=0,=0,=3,=6,=0,=0,=0,=0,=0,=3,=0,=0,=24,=0,=12,=0,=0
brun,=0,=0,=0,=0,=0,=0,=0,=0,=0,=0,=0,=0,=0,=0,=0,=0,=0,=0,=0,=0,=0,=0,=0,=0,=0,=0,=0,=0,=0,=0,=0,=0,=0,=0,=0,=0,=0,=0,=0,=0,=0,=0,=0,=0,=0,=0,=0,=0,=0,=0,=0,=0,=0,=0,=0,=0,=0,=0,=0,=0,=0,=0,=0,=0,=0,=0,=0,=0,=0,=0,=0,=0,=0,=0,=0,=0,=0,=0,=0,=0,=0,=0,=0,=0,=0,=0,=0,=0,=0,=0,=0,=0,=0,=0,=0,=0,=0,=0,=0,=0,=0,=0,=0,=0,=0,=0,=0,=0,=0,=0,=0,=0,=0,=0,=0,=0,=0,=0,=0,=0,=0,=0,=0,=0,=0,=0,=0,=0,=0,=0,=0,=0,=0,=0,=0,=0,=0,=0,=0,=0,=0,=0,=0,=0,=0,=0,=0,=0,=0,=0,=0,=0,=0,=0,=0,=0,=0,=0,=0,=0,=0,=0,=0,=0,=0,=0,=0,=0,=0,=0,=0,=0,=0,=0,=0,=0,=0,=93,=0,=0,=0,=0,=0,=0,=0,=0,=0,=0,=0,=0,=0,=0,=0,=0,=0,=0,=0,=0,=0,=0,=0,=0,=0,=0,=0,=0,=0,=0,=0,=0,=0,=0,=0,=0,=0,=0,=0,=0,=0,=0,=0,=0,=0,=0,=0,=0,=0,=0,=0,=0,=0,=0,=0,=0,=0,=0,=0,=0,=0,=0,=0,=0,=0,=0,=0,=0,=0,=0,=0,=0,=0,=0,=0,=0,=0,=0,=0,=0,=0,=0,=0,=0,=0,=0,=0,=15,=0,=0
cassé,=0,=0,=0,=0,=0,=0,=0,=0,=0,=0,=0,=0,=0,=0,=0,=0,=3,=0,=0,=0,=0,=0,=0,=0,=0,=0,=0,=0,=0,=0,=0,=0,=0,=0,=0,=3,=0,=0,=0,=0,=3,=0,=0,=0,=0,=3,=0,=0,=0,=0,=0,=0,=0,=0,=0,=0,=0,=0,=0,=3,=0,=0,=0,=0,=0,=0,=0,=0,=0,=0,=0,=0,=0,=0,=0,=0,=0,=0,=0,=0,=0,=0,=0,=0,=0,=0,=0,=0,=0,=0,=0,=0,=0,=0,=0,=0,=0,=0,=0,=0,=0,=0,=0,=0,=0,=0,=0,=0,=0,=0,=0,=0,=0,=0,=0,=0,=0,=0,=0,=0,=0,=0,=0,=0,=0,=0,=0,=0,=0,=0,=0,=0,=0,=0,=0,=3,=0,=0,=0,=0,=0,=0,=0,=0,=0,=0,=0,=0,=0,=0,=0,=9,=0,=0,=0,=0,=0,=0,=0,=0,=0,=0,=0,=0,=0,=0,=0,=0,=0,=0,=0,=0,=0,=0,=0,=0,=0,=0,=0,=0,=0,=0,=0,=0,=12,=0,=0,=0,=0,=3,=0,=0,=0,=0,=0,=0,=0,=0,=0,=0,=0,=0,=0,=0,=0,=0,=0,=0,=0,=0,=0,=0,=0,=0,=0,=3,=0,=0,=0,=0,=0,=0,=0,=0,=0,=0,=0,=0,=0,=0,=0,=0,=0,=0,=0,=0,=3,=0,=0,=0,=0,=0,=0,=0,=0,=0,=0,=0,=0,=0,=0,=0,=0,=0,=0,=0,=0,=0,=0,=0,=0,=0,=0,=0,=0,=42,=0,=0
chaud,=0,=0,=0,=0,=0,=0,=0,=0,=0,=0,=0,=0,=0,=0,=0,=0,=0,=0,=0,=0,=0,=0,=0,=0,=0,=0,=0,=0,=0,=0,=0,=0,=0,=0,=0,=0,=0,=0,=0,=0,=0,=0,=0,=0,=0,=0,=0,=0,=0,=0,=0,=0,=0,=0,=0,=0,=0,=0,=0,=0,=0,=0,=0,=0,=0,=0,=0,=0,=0,=0,=0,=0,=0,=0,=0,=0,=3,=0,=0,=0,=0,=0,=0,=0,=0,=0,=0,=0,=0,=3,=12,=0,=0,=0,=0,=0,=48,=0,=0,=0,=0,=0,=0,=0,=0,=0,=0,=0,=0,=0,=0,=0,=0,=0,=0,=0,=0,=0,=0,=0,=3,=0,=0,=0,=0,=0,=0,=0,=0,=0,=3,=0,=0,=0,=0,=0,=0,=0,=0,=0,=0,=0,=0,=0,=0,=0,=0,=0,=0,=0,=0,=12,=0,=0,=0,=0,=0,=0,=0,=0,=0,=0,=0,=0,=0,=0,=0,=0,=0,=0,=0,=0,=0,=0,=0,=0,=0,=0,=0,=0,=0,=0,=0,=0,=0,=0,=0,=0,=0,=0,=0,=0,=0,=0,=0,=6,=0,=0,=0,=0,=0,=0,=3,=0,=0,=0,=0,=0,=0,=0,=0,=0,=0,=0,=0,=0,=0,=0,=0,=0,=0,=3,=0,=0,=0,=0,=0,=0,=0,=0,=0,=0,=0,=0,=0,=0,=0,=0,=0,=0,=0,=0,=0,=0,=0,=0,=0,=0,=0,=0,=0,=0,=0,=0,=0,=0,=0,=0,=0,=0,=0,=0,=0,=3,=0,=12,=0,=0
dernier,=0,=0,=0,=0,=0,=12,=0,=0,=0,=0,=0,=0,=0,=0,=0,=0,=0,=0,=0,=0,=0,=3,=0,=0,=0,=0,=0,=0,=0,=0,=0,=0,=0,=0,=0,=3,=0,=0,=0,=0,=0,=0,=0,=0,=0,=0,=0,=0,=3,=0,=0,=0,=0,=0,=0,=0,=0,=0,=0,=0,=0,=0,=0,=0,=0,=0,=0,=0,=0,=0,=0,=0,=0,=0,=0,=0,=0,=0,=0,=0,=0,=0,=0,=0,=0,=0,=0,=0,=0,=0,=0,=0,=0,=0,=0,=0,=0,=0,=0,=0,=0,=0,=0,=0,=0,=0,=0,=81,=0,=0,=0,=0,=0,=0,=0,=0,=0,=0,=0,=0,=3,=0,=0,=3,=0,=0,=0,=0,=0,=0,=3,=0,=0,=0,=0,=0,=0,=0,=3,=6,=0,=0,=0,=0,=0,=0,=0,=0,=0,=0,=0,=0,=0,=0,=0,=0,=0,=0,=0,=9,=0,=0,=0,=3,=0,=0,=0,=0,=0,=0,=0,=3,=0,=0,=0,=0,=0,=0,=0,=3,=0,=9,=0,=0,=0,=0,=0,=0,=0,=0,=0,=0,=0,=0,=3,=0,=0,=0,=0,=3,=0,=0,=0,=0,=0,=0,=0,=0,=0,=0,=0,=0,=0,=0,=0,=0,=0,=0,=0,=0,=0,=0,=0,=0,=0,=0,=0,=0,=0,=0,=0,=0,=0,=0,=0,=3,=0,=0,=0,=0,=0,=0,=3,=0,=0,=0,=0,=0,=0,=0,=0,=0,=0,=0,=0,=0,=0,=0,=0,=0,=0,=0,=0,=0,=0,=0,=0,=3
deuxième,=0,=0,=0,=0,=0,=0,=0,=0,=3,=0,=0,=0,=0,=0,=0,=0,=0,=0,=0,=0,=0,=0,=0,=0,=3,=0,=0,=0,=0,=0,=0,=0,=0,=0,=0,=0,=0,=0,=0,=0,=0,=0,=0,=0,=0,=0,=0,=0,=0,=0,=0,=0,=0,=0,=0,=0,=0,=0,=3,=0,=3,=0,=0,=0,=0,=0,=0,=0,=0,=0,=0,=0,=0,=0,=3,=0,=0,=0,=0,=0,=0,=3,=0,=0,=0,=0,=0,=0,=0,=0,=0,=0,=0,=0,=0,=0,=0,=0,=0,=0,=0,=0,=0,=0,=0,=0,=0,=6,=0,=0,=0,=0,=0,=0,=0,=0,=0,=0,=0,=0,=3,=0,=0,=0,=0,=0,=0,=0,=0,=18,=0,=0,=0,=0,=0,=0,=0,=0,=3,=0,=0,=0,=0,=0,=0,=0,=0,=0,=0,=0,=0,=0,=0,=0,=0,=0,=0,=0,=0,=3,=0,=0,=0,=0,=0,=0,=0,=0,=0,=0,=0,=3,=0,=0,=0,=0,=0,=0,=0,=0,=0,=3,=0,=0,=0,=0,=0,=0,=0,=0,=0,=0,=0,=0,=0,=0,=0,=0,=0,=0,=0,=0,=0,=0,=0,=0,=0,=0,=0,=0,=0,=3,=0,=0,=0,=0,=0,=0,=0,=0,=0,=0,=0,=0,=0,=0,=0,=0,=0,=0,=0,=0,=0,=0,=0,=0,=0,=0,=0,=0,=0,=0,=0,=0,=0,=0,=0,=0,=0,=0,=0,=0,=0,=0,=0,=0,=0,=0,=0,=3,=0,=0,=0,=0,=0,=0,=0,=0
dur,=0,=0,=0,=0,=0,=0,=0,=0,=0,=0,=0,=0,=0,=0,=0,=0,=0,=0,=0,=0,=0,=0,=0,=0,=0,=0,=0,=0,=0,=0,=0,=0,=0,=0,=0,=0,=0,=0,=15,=0,=0,=0,=0,=0,=0,=0,=0,=0,=0,=0,=0,=0,=0,=0,=0,=0,=0,=0,=0,=0,=0,=0,=0,=0,=0,=0,=0,=0,=0,=0,=0,=0,=0,=0,=0,=0,=0,=0,=0,=0,=0,=0,=0,=0,=0,=0,=0,=0,=0,=0,=0,=0,=0,=0,=0,=0,=0,=0,=0,=0,=0,=0,=3,=0,=0,=0,=0,=0,=0,=0,=0,=0,=0,=0,=0,=0,=0,=0,=0,=0,=114,=0,=0,=0,=0,=0,=0,=0,=0,=0,=0,=0,=0,=0,=0,=0,=0,=0,=0,=0,=0,=0,=0,=0,=0,=0,=0,=0,=0,=0,=0,=3,=0,=0,=0,=0,=0,=0,=0,=0,=0,=0,=0,=0,=0,=0,=0,=0,=0,=0,=0,=0,=0,=0,=0,=0,=3,=0,=0,=0,=6,=0,=0,=0,=0,=0,=0,=0,=0,=0,=0,=0,=0,=0,=0,=0,=0,=0,=0,=0,=0,=0,=0,=0,=0,=0,=0,=0,=0,=0,=0,=0,=0,=0,=0,=0,=0,=0,=0,=0,=0,=0,=0,=0,=0,=0,=0,=0,=0,=0,=0,=0,=0,=0,=0,=0,=0,=0,=0,=0,=0,=0,=0,=0,=0,=0,=0,=0,=0,=0,=0,=3,=0,=0,=0,=0,=0,=0,=0,=0,=0,=0,=0,=3,=0,=24,=0,=0
froid,=3,=0,=0,=0,=0,=0,=0,=0,=0,=0,=0,=0,=0,=0,=0,=0,=0,=0,=0,=0,=0,=0,=0,=0,=0,=0,=0,=0,=0,=0,=0,=0,=0,=0,=0,=0,=0,=0,=0,=0,=0,=0,=0,=0,=0,=0,=0,=0,=0,=0,=0,=0,=0,=0,=0,=0,=0,=0,=0,=0,=0,=0,=0,=0,=0,=0,=0,=0,=0,=0,=0,=0,=0,=0,=0,=0,=3,=0,=0,=0,=0,=0,=0,=0,=0,=0,=0,=0,=0,=0,=9,=0,=0,=0,=0,=0,=54,=0,=0,=0,=0,=0,=0,=0,=0,=0,=0,=0,=0,=0,=0,=0,=0,=0,=0,=0,=0,=0,=0,=0,=0,=0,=0,=0,=0,=0,=0,=0,=0,=0,=0,=0,=0,=0,=0,=0,=0,=0,=0,=0,=0,=0,=0,=0,=0,=0,=0,=0,=0,=0,=0,=0,=0,=0,=0,=0,=0,=0,=0,=0,=0,=0,=0,=0,=0,=0,=0,=0,=0,=0,=0,=0,=0,=0,=0,=0,=0,=0,=0,=0,=0,=0,=0,=0,=0,=0,=0,=0,=0,=0,=0,=0,=0,=0,=0,=0,=0,=0,=0,=0,=0,=0,=0,=0,=0,=0,=0,=0,=0,=0,=0,=0,=0,=0,=0,=0,=0,=0,=0,=0,=0,=0,=0,=0,=0,=0,=0,=0,=0,=0,=0,=0,=0,=0,=0,=0,=0,=0,=0,=0,=0,=0,=0,=0,=0,=0,=0,=0,=0,=0,=0,=0,=0,=0,=0,=0,=0,=0,=0,=0,=0,=0,=0,=0,=0,=3,=0,=0
gentil,=15,=0,=3,=0,=0,=0,=0,=0,=0,=0,=0,=0,=0,=0,=0,=0,=0,=3,=0,=0,=0,=0,=0,=0,=0,=0,=0,=0,=0,=0,=0,=0,=0,=0,=0,=3,=0,=0,=0,=0,=0,=0,=0,=0,=0,=0,=0,=0,=0,=0,=0,=0,=0,=0,=0,=0,=0,=0,=0,=0,=0,=0,=0,=0,=0,=0,=0,=0,=0,=0,=0,=0,=0,=0,=0,=0,=0,=0,=0,=0,=0,=0,=6,=0,=0,=0,=0,=0,=0,=0,=0,=0,=0,=0,=0,=0,=0,=0,=0,=0,=0,=0,=0,=0,=0,=0,=0,=0,=0,=0,=0,=0,=0,=0,=0,=0,=3,=0,=0,=0,=0,=0,=0,=0,=3,=0,=0,=0,=0,=0,=0,=0,=0,=0,=0,=3,=0,=0,=0,=0,=0,=0,=0,=0,=3,=0,=0,=0,=0,=0,=0,=6,=0,=0,=0,=9,=0,=0,=0,=0,=0,=0,=0,=0,=0,=0,=0,=0,=0,=0,=0,=0,=0,=0,=0,=0,=3,=0,=0,=0,=0,=0,=0,=0,=3,=0,=0,=0,=0,=0,=0,=0,=0,=0,=0,=0,=0,=0,=0,=0,=0,=0,=0,=0,=0,=0,=0,=0,=0,=0,=0,=0,=0,=0,=0,=0,=0,=0,=0,=0,=0,=0,=0,=0,=0,=0,=0,=0,=0,=0,=0,=0,=0,=0,=0,=0,=0,=0,=0,=0,=0,=0,=0,=0,=0,=3,=0,=0,=0,=0,=0,=0,=0,=0,=0,=0,=0,=0,=0,=0,=0,=0,=0,=0,=0,=3,=0,=0
grand,=0,=0,=3,=0,=0,=0,=0,=0,=3,=0,=0,=0,=0,=0,=0,=0,=3,=0,=0,=0,=0,=0,=3,=0,=0,=0,=0,=15,=0,=3,=0,=0,=0,=15,=0,=24,=0,=0,=3,=0,=0,=0,=0,=0,=0,=0,=0,=3,=15,=3,=0,=27,=0,=18,=0,=0,=3,=0,=9,=0,=6,=0,=0,=6,=36,=3,=3,=0,=0,=0,=0,=3,=9,=3,=0,=0,=18,=0,=0,=6,=0,=0,=3,=0,=0,=39,=3,=0,=9,=0,=0,=0,=0,=6,=0,=6,=0,=0,=0,=0,=0,=0,=15,=75,=3,=0,=0,=0,=6,=0,=48,=6,=54,=0,=0,=0,=0,=0,=0,=0,=6,=0,=0,=3,=0,=0,=0,=0,=0,=3,=3,=3,=6,=0,=0,=0,=0,=3,=0,=9,=0,=57,=27,=0,=9,=0,=0,=0,=12,=12,=30,=3,=0,=0,=0,=3,=0,=0,=6,=0,=0,=0,=0,=0,=24,=0,=0,=0,=0,=0,=3,=0,=0,=0,=18,=0,=0,=0,=0,=0,=0,=0,=6,=0,=3,=0,=0,=6,=0,=0,=0,=0,=3,=0,=12,=9,=9,=6,=0,=3,=0,=0,=0,=0,=0,=0,=0,=0,=0,=6,=0,=3,=0,=3,=3,=0,=3,=0,=12,=0,=6,=0,=0,=0,=0,=0,=9,=9,=0,=3,=0,=84,=0,=0,=3,=3,=18,=0,=0,=0,=0,=0,=0,=0,=6,=0,=30,=6,=12,=0,=3,=0,=3,=0,=0,=0,=0,=0,=0,=3,=3,=0,=3,=6,=3,=24,=0,=0
gros,=0,=0,=0,=0,=0,=0,=6,=3,=0,=12,=0,=3,=6,=18,=9,=9,=0,=9,=0,=0,=6,=0,=0,=0,=0,=3,=0,=3,=15,=21,=0,=0,=0,=0,=3,=6,=6,=3,=27,=0,=3,=3,=0,=6,=24,=0,=0,=0,=0,=0,=0,=0,=15,=6,=0,=0,=3,=0,=18,=0,=3,=0,=0,=12,=0,=3,=0,=0,=6,=3,=0,=0,=3,=0,=0,=0,=0,=3,=0,=9,=21,=0,=0,=0,=0,=12,=0,=27,=9,=0,=0,=0,=0,=0,=0,=3,=0,=0,=0,=0,=9,=0,=0,=0,=0,=0,=3,=0,=0,=0,=0,=3,=0,=3,=0,=0,=0,=6,=0,=0,=3,=0,=3,=0,=0,=0,=3,=0,=0,=0,=0,=0,=0,=0,=0,=12,=0,=0,=3,=0,=0,=6,=12,=9,=0,=0,=3,=3,=0,=0,=18,=6,=0,=0,=0,=0,=9,=3,=9,=6,=9,=3,=3,=0,=0,=0,=27,=0,=3,=9,=0,=3,=12,=0,=0,=6,=6,=0,=0,=0,=0,=3,=0,=0,=0,=0,=9,=0,=0,=0,=0,=9,=0,=0,=0,=0,=3,=12,=12,=9,=15,=33,=0,=0,=3,=3,=0,=18,=3,=0,=0,=3,=0,=3,=0,=0,=0,=3,=0,=0,=0,=0,=0,=0,=0,=3,=0,=0,=0,=0,=0,=0,=9,=0,=0,=0,=6,=0,=0,=0,=0,=3,=0,=0,=0,=0,=6,=9,=0,=0,=9,=3,=12,=0,=27,=3,=0,=0,=24,=3,=9,=0,=0,=6,=9,=18,=0,=0
haut,=0,=0,=3,=0,=0,=0,=0,=0,=0,=0,=0,=0,=0,=0,=0,=0,=0,=0,=0,=0,=0,=0,=0,=0,=0,=0,=0,=0,=0,=0,=0,=0,=0,=0,=0,=0,=3,=0,=0,=0,=0,=0,=0,=0,=0,=0,=0,=0,=0,=0,=0,=0,=0,=3,=0,=0,=0,=0,=0,=0,=0,=0,=0,=0,=0,=0,=0,=0,=0,=0,=0,=0,=0,=0,=0,=0,=0,=0,=0,=0,=0,=0,=3,=0,=0,=0,=0,=0,=0,=0,=0,=3,=0,=0,=0,=0,=0,=0,=0,=0,=0,=0,=0,=0,=0,=0,=0,=0,=0,=0,=0,=0,=0,=0,=0,=0,=0,=0,=0,=0,=3,=0,=0,=0,=0,=3,=0,=3,=0,=0,=3,=0,=0,=0,=0,=6,=0,=0,=0,=0,=0,=0,=0,=0,=0,=0,=0,=0,=0,=0,=0,=0,=0,=3,=0,=0,=0,=0,=0,=0,=0,=0,=0,=0,=0,=0,=0,=0,=0,=0,=0,=0,=0,=0,=0,=0,=6,=0,=0,=0,=0,=0,=0,=0,=0,=0,=0,=0,=0,=0,=0,=0,=0,=0,=0,=0,=0,=0,=0,=0,=0,=0,=0,=0,=0,=0,=0,=0,=0,=0,=0,=0,=0,=0,=0,=0,=0,=0,=0,=0,=0,=0,=0,=0,=0,=3,=0,=0,=0,=0,=0,=0,=0,=0,=0,=0,=0,=0,=0,=0,=0,=0,=0,=0,=0,=0,=0,=0,=0,=0,=0,=0,=0,=0,=0,=0,=0,=0,=0,=0,=0,=3,=0,=3,=0,=15,=0,=0
jaune,=0,=0,=0,=3,=0,=0,=0,=0,=12,=0,=0,=6,=15,=0,=3,=0,=0,=0,=0,=0,=0,=0,=0,=0,=0,=0,=3,=0,=3,=0,=0,=6,=0,=0,=0,=0,=3,=0,=0,=0,=0,=0,=0,=0,=0,=0,=0,=6,=0,=0,=0,=0,=0,=0,=0,=0,=0,=0,=3,=0,=0,=3,=0,=0,=0,=0,=0,=3,=9,=3,=0,=0,=0,=0,=0,=3,=0,=3,=0,=0,=0,=3,=0,=0,=0,=0,=0,=0,=0,=0,=0,=0,=0,=0,=0,=0,=0,=0,=0,=0,=0,=0,=0,=0,=0,=3,=6,=0,=0,=0,=0,=0,=0,=0,=0,=0,=0,=0,=3,=0,=0,=0,=0,=0,=0,=0,=0,=0,=0,=0,=0,=0,=0,=0,=0,=0,=0,=0,=0,=0,=0,=0,=0,=0,=0,=0,=0,=0,=0,=0,=0,=0,=0,=0,=0,=0,=0,=0,=0,=0,=0,=0,=0,=0,=0,=0,=12,=0,=0,=0,=0,=0,=0,=12,=0,=0,=0,=0,=0,=0,=0,=0,=0,=0,=3,=0,=0,=0,=0,=0,=0,=0,=0,=0,=0,=0,=0,=0,=0,=0,=0,=0,=0,=0,=6,=6,=0,=3,=0,=0,=0,=3,=0,=0,=0,=0,=3,=0,=0,=0,=0,=0,=0,=0,=0,=36,=0,=0,=0,=0,=0,=0,=0,=0,=0,=0,=0,=0,=0,=0,=0,=3,=0,=3,=0,=0,=0,=0,=0,=0,=0,=24,=0,=0,=0,=0,=0,=0,=0,=0,=3,=0,=3,=0,=0,=48,=0,=0
joli,=0,=0,=0,=0,=0,=0,=0,=0,=0,=0,=0,=0,=0,=0,=0,=0,=0,=0,=0,=0,=0,=0,=6,=0,=0,=0,=0,=0,=0,=0,=0,=0,=0,=0,=0,=3,=0,=0,=12,=0,=0,=0,=3,=0,=0,=0,=0,=0,=0,=0,=0,=0,=0,=0,=3,=0,=12,=0,=3,=0,=0,=0,=0,=0,=6,=0,=0,=0,=0,=0,=0,=6,=0,=0,=3,=3,=0,=0,=0,=0,=0,=0,=9,=0,=0,=0,=6,=0,=0,=0,=3,=0,=0,=3,=3,=0,=0,=0,=0,=0,=0,=0,=0,=0,=3,=0,=21,=0,=0,=0,=0,=0,=0,=0,=0,=0,=0,=0,=0,=0,=0,=0,=0,=0,=0,=0,=0,=0,=0,=0,=0,=0,=0,=0,=0,=6,=0,=0,=0,=0,=0,=0,=6,=0,=0,=0,=0,=0,=0,=0,=6,=6,=0,=0,=3,=0,=0,=0,=0,=0,=0,=0,=0,=0,=0,=0,=0,=6,=0,=3,=0,=0,=0,=0,=0,=0,=3,=0,=0,=3,=0,=0,=0,=0,=0,=3,=6,=0,=0,=0,=0,=0,=0,=0,=0,=0,=0,=0,=0,=0,=0,=3,=0,=0,=0,=0,=0,=9,=0,=0,=0,=0,=0,=0,=0,=0,=0,=0,=0,=0,=0,=6,=0,=0,=3,=9,=0,=12,=0,=0,=0,=0,=0,=0,=0,=0,=0,=0,=0,=0,=12,=0,=0,=3,=0,=3,=0,=0,=3,=0,=0,=0,=0,=0,=0,=0,=0,=0,=0,=0,=0,=0,=3,=0,=0,=6,=0,=3
long,=0,=0,=0,=0,=0,=0,=0,=0,=0,=0,=0,=0,=0,=0,=0,=0,=0,=0,=0,=0,=0,=0,=0,=0,=0,=0,=0,=0,=0,=0,=0,=0,=0,=0,=0,=0,=0,=0,=3,=0,=0,=0,=0,=0,=0,=0,=0,=0,=0,=0,=0,=0,=0,=0,=0,=0,=0,=0,=0,=0,=0,=0,=3,=0,=0,=0,=0,=0,=0,=0,=0,=0,=0,=0,=0,=0,=3,=0,=0,=0,=0,=0,=0,=0,=0,=0,=0,=0,=0,=0,=0,=0,=0,=0,=0,=0,=0,=0,=0,=0,=0,=0,=0,=0,=0,=0,=0,=0,=0,=0,=0,=6,=0,=0,=0,=0,=0,=0,=0,=0,=9,=0,=0,=0,=0,=0,=0,=0,=0,=0,=0,=0,=0,=0,=0,=0,=0,=0,=0,=0,=0,=0,=0,=0,=0,=0,=0,=0,=0,=0,=0,=0,=6,=0,=3,=0,=0,=0,=0,=0,=0,=0,=0,=0,=0,=0,=6,=0,=0,=0,=0,=0,=0,=0,=0,=0,=0,=0,=0,=0,=0,=0,=0,=0,=0,=0,=0,=3,=0,=0,=0,=0,=0,=0,=0,=0,=0,=0,=0,=0,=0,=0,=0,=9,=0,=0,=0,=0,=0,=0,=0,=0,=0,=0,=0,=0,=0,=0,=0,=0,=0,=0,=0,=0,=0,=0,=0,=0,=0,=0,=0,=0,=0,=0,=0,=0,=0,=0,=0,=0,=0,=0,=0,=0,=0,=0,=0,=0,=0,=0,=0,=0,=0,=0,=0,=0,=0,=0,=0,=0,=0,=0,=0,=0,=0,=3,=0,=0
magique,=0,=0,=0,=0,=0,=0,=0,=0,=0,=0,=0,=0,=0,=0,=0,=0,=0,=0,=0,=0,=6,=0,=0,=0,=0,=0,=0,=0,=0,=0,=0,=3,=6,=0,=0,=0,=0,=0,=0,=0,=0,=0,=0,=0,=0,=0,=0,=0,=0,=0,=0,=0,=0,=0,=0,=0,=0,=0,=0,=0,=0,=0,=0,=0,=0,=0,=0,=0,=0,=0,=0,=0,=0,=0,=0,=0,=0,=0,=0,=3,=0,=0,=0,=0,=0,=0,=0,=0,=0,=0,=0,=0,=0,=0,=0,=0,=0,=0,=0,=0,=0,=0,=0,=0,=0,=0,=0,=0,=0,=0,=0,=0,=0,=0,=0,=0,=0,=0,=0,=0,=0,=0,=0,=0,=0,=0,=0,=0,=0,=0,=0,=0,=0,=0,=0,=0,=0,=0,=12,=0,=0,=0,=0,=0,=0,=0,=0,=0,=0,=0,=0,=0,=0,=0,=0,=0,=0,=0,=0,=0,=0,=0,=0,=0,=0,=0,=0,=0,=0,=0,=0,=0,=0,=3,=0,=0,=0,=0,=0,=0,=0,=0,=0,=0,=0,=0,=0,=0,=0,=0,=0,=0,=0,=0,=0,=0,=0,=0,=0,=0,=0,=0,=0,=0,=0,=0,=0,=0,=0,=0,=0,=0,=0,=0,=0,=0,=0,=0,=0,=0,=0,=0,=0,=0,=0,=0,=0,=0,=0,=0,=0,=0,=0,=0,=0,=0,=0,=0,=0,=0,=0,=0,=0,=0,=0,=0,=0,=0,=0,=0,=0,=3,=0,=0,=0,=0,=0,=0,=0,=0,=0,=0,=0,=0,=0,=0,=0,=0
mécanique,=0,=0,=0,=0,=0,=0,=0,=0,=0,=0,=0,=0,=0,=0,=0,=0,=0,=0,=0,=0,=0,=0,=0,=0,=0,=0,=0,=0,=0,=0,=0,=0,=0,=0,=0,=0,=0,=0,=0,=0,=0,=0,=0,=0,=0,=0,=0,=0,=0,=0,=0,=0,=0,=0,=0,=0,=0,=0,=0,=0,=0,=0,=0,=0,=0,=0,=0,=0,=0,=0,=0,=0,=0,=0,=0,=0,=0,=0,=0,=0,=0,=0,=0,=0,=0,=0,=0,=0,=0,=0,=0,=0,=0,=0,=0,=0,=0,=0,=0,=0,=0,=0,=0,=0,=0,=0,=0,=0,=0,=0,=0,=0,=0,=0,=0,=0,=0,=0,=0,=0,=3,=0,=0,=0,=0,=0,=0,=0,=0,=0,=0,=0,=0,=0,=0,=0,=0,=0,=0,=0,=0,=0,=0,=0,=0,=0,=0,=0,=0,=0,=0,=0,=0,=0,=0,=0,=0,=0,=0,=0,=0,=0,=0,=0,=0,=0,=0,=0,=0,=0,=0,=0,=0,=0,=0,=0,=0,=0,=0,=0,=0,=0,=0,=0,=0,=0,=0,=0,=0,=0,=0,=141,=0,=0,=0,=0,=0,=0,=0,=0,=0,=0,=0,=0,=0,=0,=0,=0,=0,=0,=0,=0,=0,=0,=0,=0,=0,=0,=0,=0,=0,=0,=0,=0,=0,=0,=0,=0,=0,=0,=0,=0,=0,=0,=0,=0,=0,=0,=0,=0,=0,=0,=0,=0,=0,=0,=0,=0,=0,=0,=0,=0,=0,=0,=0,=0,=0,=0,=0,=0,=0,=0,=0,=0,=0,=0,=0,=0
même,=0,=0,=0,=9,=0,=0,=3,=0,=0,=0,=0,=0,=0,=3,=0,=0,=0,=0,=0,=0,=3,=0,=3,=3,=0,=0,=3,=0,=0,=0,=0,=0,=3,=0,=3,=0,=3,=18,=0,=0,=0,=0,=0,=0,=0,=0,=0,=0,=27,=0,=0,=0,=0,=0,=3,=0,=0,=0,=0,=0,=3,=0,=3,=3,=111,=0,=0,=0,=0,=0,=0,=0,=0,=3,=0,=186,=0,=3,=0,=0,=0,=0,=0,=0,=0,=0,=0,=0,=0,=0,=0,=0,=27,=0,=0,=0,=0,=0,=0,=0,=0,=0,=0,=0,=0,=0,=3,=0,=15,=0,=0,=0,=0,=0,=0,=0,=0,=0,=0,=0,=0,=3,=0,=3,=0,=0,=0,=0,=0,=3,=6,=0,=9,=0,=0,=0,=0,=3,=6,=6,=0,=0,=0,=3,=0,=0,=0,=3,=0,=0,=0,=18,=0,=0,=0,=0,=3,=0,=0,=0,=0,=0,=0,=0,=0,=0,=3,=0,=0,=0,=0,=0,=0,=3,=0,=0,=0,=0,=0,=3,=3,=6,=0,=0,=0,=0,=0,=0,=0,=3,=0,=0,=0,=3,=0,=0,=0,=0,=0,=6,=6,=0,=0,=0,=0,=0,=0,=15,=0,=0,=0,=0,=0,=0,=3,=9,=0,=0,=6,=3,=0,=0,=0,=0,=0,=0,=0,=0,=9,=0,=0,=0,=0,=0,=0,=9,=0,=0,=0,=0,=0,=0,=210,=0,=0,=0,=0,=0,=0,=0,=3,=6,=0,=0,=0,=0,=0,=0,=0,=6,=0,=0,=0,=0,=0,=6,=0,=0
noir,=0,=0,=0,=0,=0,=0,=3,=0,=0,=0,=0,=0,=0,=0,=0,=0,=0,=0,=0,=0,=0,=0,=0,=0,=0,=0,=3,=0,=0,=0,=0,=0,=18,=0,=0,=0,=0,=0,=3,=0,=0,=0,=0,=0,=0,=0,=0,=0,=0,=0,=0,=0,=0,=0,=0,=0,=0,=0,=0,=0,=0,=0,=0,=0,=0,=0,=0,=0,=0,=0,=0,=0,=0,=0,=0,=0,=0,=3,=0,=0,=0,=0,=0,=0,=0,=0,=0,=0,=0,=0,=0,=0,=0,=0,=0,=0,=6,=0,=0,=0,=0,=0,=0,=0,=0,=0,=0,=0,=0,=0,=0,=0,=3,=0,=0,=0,=0,=0,=0,=0,=0,=0,=0,=0,=0,=0,=0,=0,=0,=0,=3,=0,=0,=0,=0,=0,=0,=0,=0,=0,=0,=0,=0,=0,=6,=0,=0,=0,=0,=3,=0,=0,=0,=0,=0,=0,=0,=0,=0,=0,=0,=0,=0,=0,=0,=0,=0,=0,=0,=0,=0,=0,=0,=0,=0,=0,=0,=0,=0,=0,=0,=0,=0,=0,=0,=0,=0,=0,=0,=0,=0,=0,=0,=0,=0,=0,=0,=0,=0,=0,=0,=0,=3,=0,=6,=0,=0,=0,=0,=0,=0,=0,=0,=0,=0,=0,=0,=0,=0,=0,=0,=0,=6,=0,=0,=15,=0,=0,=0,=0,=0,=0,=0,=0,=0,=0,=0,=0,=0,=0,=0,=0,=0,=0,=0,=0,=0,=0,=3,=0,=6,=12,=0,=0,=0,=0,=0,=0,=0,=3,=0,=0,=0,=3,=0,=3,=0,=0
nouveau,=0,=3,=0,=0,=0,=0,=0,=0,=0,=0,=0,=0,=0,=0,=0,=0,=0,=0,=0,=0,=0,=0,=0,=0,=0,=6,=0,=0,=0,=0,=0,=0,=0,=0,=0,=6,=0,=0,=0,=0,=0,=0,=0,=0,=0,=0,=0,=0,=6,=0,=0,=0,=0,=0,=3,=6,=0,=0,=0,=0,=6,=0,=0,=0,=3,=0,=0,=0,=0,=0,=0,=0,=0,=0,=0,=3,=3,=0,=0,=0,=0,=0,=0,=0,=0,=0,=0,=0,=0,=0,=0,=0,=0,=0,=0,=0,=0,=0,=0,=0,=0,=0,=0,=0,=0,=0,=0,=3,=0,=0,=0,=0,=0,=0,=0,=0,=0,=0,=0,=0,=3,=0,=0,=3,=0,=0,=0,=0,=0,=0,=0,=0,=12,=3,=0,=0,=0,=0,=0,=0,=0,=0,=6,=0,=0,=0,=0,=0,=0,=0,=3,=0,=0,=0,=0,=0,=0,=0,=0,=0,=3,=0,=0,=0,=0,=0,=0,=0,=0,=0,=0,=0,=0,=0,=0,=0,=0,=0,=0,=0,=0,=3,=0,=0,=0,=0,=0,=0,=0,=0,=0,=0,=0,=0,=0,=0,=0,=0,=0,=0,=0,=0,=0,=0,=0,=0,=0,=3,=0,=0,=0,=0,=0,=0,=0,=0,=0,=0,=0,=0,=0,=0,=0,=0,=0,=0,=0,=0,=0,=0,=0,=0,=0,=0,=0,=0,=0,=0,=0,=0,=0,=0,=0,=0,=0,=0,=0,=3,=0,=0,=0,=3,=0,=0,=0,=0,=0,=0,=0,=0,=0,=0,=0,=0,=0,=0,=0,=0
orange,=0,=0,=0,=0,=0,=0,=0,=0,=0,=0,=0,=0,=3,=0,=0,=0,=0,=0,=0,=0,=0,=0,=0,=0,=0,=0,=0,=0,=3,=0,=0,=0,=0,=3,=0,=0,=0,=0,=0,=0,=0,=0,=0,=0,=0,=0,=0,=0,=0,=0,=0,=0,=0,=0,=0,=0,=0,=0,=0,=0,=0,=0,=0,=0,=0,=0,=0,=0,=0,=0,=0,=0,=0,=0,=0,=6,=0,=0,=0,=0,=0,=0,=0,=6,=0,=0,=0,=0,=0,=0,=0,=0,=0,=0,=0,=0,=0,=0,=0,=0,=0,=0,=0,=0,=0,=0,=0,=0,=0,=0,=0,=0,=0,=0,=0,=0,=0,=0,=0,=0,=0,=0,=0,=0,=0,=0,=0,=0,=0,=0,=0,=0,=0,=0,=0,=0,=6,=0,=0,=0,=0,=0,=0,=0,=0,=0,=0,=0,=0,=0,=0,=0,=0,=0,=0,=0,=0,=0,=0,=0,=0,=0,=0,=0,=0,=0,=0,=3,=0,=0,=0,=0,=0,=3,=0,=0,=0,=0,=0,=0,=0,=0,=0,=0,=0,=0,=0,=0,=0,=0,=0,=0,=0,=0,=0,=0,=0,=0,=0,=0,=0,=0,=0,=0,=0,=0,=0,=3,=0,=0,=0,=0,=0,=0,=0,=0,=0,=0,=0,=0,=0,=0,=0,=0,=0,=9,=0,=0,=0,=3,=0,=0,=0,=0,=0,=0,=0,=0,=0,=0,=0,=0,=0,=0,=0,=0,=0,=0,=0,=0,=0,=6,=0,=0,=0,=0,=0,=0,=0,=0,=0,=0,=0,=0,=0,=0,=0,=0
petit,=0,=9,=6,=6,=0,=0,=0,=3,=9,=0,=9,=12,=15,=3,=6,=0,=0,=12,=0,=48,=9,=9,=117,=66,=18,=9,=0,=6,=30,=54,=6,=15,=39,=12,=0,=171,=66,=3,=6,=9,=0,=0,=6,=0,=21,=3,=24,=18,=69,=12,=0,=0,=3,=45,=0,=18,=12,=54,=207,=3,=0,=45,=0,=96,=9,=0,=9,=9,=141,=57,=33,=0,=3,=0,=15,=0,=6,=3,=18,=66,=3,=0,=12,=60,=30,=12,=9,=6,=57,=3,=0,=9,=0,=39,=9,=6,=0,=0,=0,=15,=6,=0,=0,=405,=0,=0,=27,=3,=0,=0,=45,=0,=150,=6,=15,=15,=12,=18,=0,=0,=12,=3,=9,=27,=0,=3,=6,=9,=3,=12,=6,=9,=39,=6,=0,=3,=0,=0,=168,=3,=18,=42,=21,=3,=3,=12,=0,=0,=0,=54,=81,=9,=3,=9,=0,=3,=18,=9,=6,=27,=0,=9,=9,=15,=0,=0,=0,=3,=36,=3,=0,=3,=0,=24,=21,=3,=6,=102,=12,=3,=0,=0,=15,=0,=6,=0,=3,=0,=3,=6,=0,=6,=3,=3,=9,=33,=0,=6,=0,=9,=39,=0,=3,=0,=30,=6,=27,=87,=0,=6,=15,=6,=24,=24,=18,=3,=78,=9,=3,=3,=33,=0,=0,=24,=6,=102,=3,=18,=0,=21,=15,=78,=9,=3,=126,=0,=66,=0,=30,=0,=0,=6,=0,=12,=87,=0,=15,=87,=21,=18,=135,=36,=0,=0,=30,=18,=0,=24,=3,=12,=63,=9,=9,=30,=24,=90,=18,=3
premier,=0,=0,=0,=0,=3,=0,=0,=0,=0,=0,=0,=0,=0,=0,=0,=0,=0,=0,=0,=0,=0,=0,=0,=0,=0,=0,=0,=0,=0,=0,=0,=0,=0,=0,=0,=0,=0,=0,=0,=0,=0,=0,=0,=0,=0,=0,=0,=0,=6,=0,=0,=0,=0,=0,=0,=0,=0,=0,=0,=0,=0,=0,=0,=0,=0,=0,=0,=0,=0,=0,=0,=0,=0,=0,=3,=0,=9,=0,=0,=0,=0,=0,=0,=0,=0,=0,=0,=0,=0,=0,=0,=0,=0,=0,=0,=0,=0,=0,=0,=0,=0,=0,=0,=0,=0,=0,=3,=39,=0,=0,=0,=0,=0,=0,=0,=0,=0,=0,=0,=0,=0,=0,=0,=3,=0,=0,=0,=0,=3,=6,=0,=0,=0,=0,=0,=0,=0,=0,=0,=6,=0,=0,=0,=0,=0,=0,=0,=0,=0,=0,=0,=0,=0,=0,=0,=0,=0,=0,=0,=3,=3,=0,=0,=0,=0,=0,=0,=0,=0,=0,=0,=0,=0,=0,=0,=0,=0,=0,=0,=0,=0,=27,=0,=0,=0,=0,=0,=0,=0,=0,=0,=0,=0,=0,=0,=0,=0,=0,=0,=0,=0,=0,=0,=0,=0,=0,=0,=0,=0,=0,=0,=0,=0,=0,=0,=0,=0,=0,=0,=0,=0,=0,=0,=0,=0,=0,=0,=0,=0,=0,=0,=0,=0,=0,=0,=0,=0,=0,=0,=0,=0,=0,=9,=0,=0,=0,=0,=0,=0,=0,=0,=0,=0,=0,=0,=0,=0,=0,=0,=0,=0,=0,=0,=3,=0,=0,=0,=0
prochain,=0,=0,=0,=0,=9,=6,=0,=0,=0,=0,=0,=0,=0,=0,=0,=0,=0,=0,=0,=0,=0,=0,=0,=0,=0,=0,=0,=0,=0,=0,=0,=0,=0,=0,=0,=0,=0,=0,=0,=0,=0,=0,=0,=0,=0,=0,=0,=0,=0,=0,=0,=0,=0,=0,=0,=0,=0,=0,=0,=0,=0,=0,=0,=0,=0,=0,=0,=0,=0,=0,=0,=0,=0,=0,=0,=0,=0,=0,=0,=0,=0,=0,=0,=0,=0,=0,=0,=0,=0,=0,=0,=0,=0,=0,=0,=0,=0,=0,=0,=0,=0,=0,=0,=0,=0,=0,=0,=63,=0,=0,=0,=0,=0,=0,=0,=0,=0,=0,=0,=0,=0,=0,=0,=0,=0,=0,=0,=0,=0,=0,=0,=0,=0,=0,=0,=0,=0,=0,=0,=0,=0,=0,=0,=0,=0,=0,=0,=0,=0,=0,=0,=0,=0,=0,=0,=0,=0,=0,=0,=0,=0,=0,=0,=0,=0,=0,=0,=0,=0,=0,=0,=0,=0,=0,=0,=0,=0,=0,=0,=0,=0,=0,=0,=0,=3,=0,=0,=0,=0,=0,=0,=0,=0,=0,=0,=0,=0,=0,=0,=0,=0,=0,=0,=0,=0,=0,=0,=0,=0,=0,=0,=0,=0,=0,=0,=0,=0,=0,=0,=0,=0,=0,=0,=0,=0,=0,=0,=0,=0,=0,=0,=0,=0,=0,=0,=0,=0,=0,=0,=0,=0,=0,=0,=0,=0,=3,=9,=0,=0,=0,=0,=0,=0,=0,=0,=0,=0,=0,=0,=0,=0,=0,=0,=0,=0,=0,=0,=0
rond,=0,=0,=0,=0,=0,=0,=0,=0,=0,=0,=0,=0,=0,=0,=0,=0,=0,=0,=0,=0,=0,=0,=0,=0,=0,=0,=0,=0,=6,=0,=0,=0,=0,=0,=0,=0,=0,=0,=0,=0,=3,=15,=0,=0,=0,=0,=0,=0,=0,=0,=0,=0,=0,=0,=0,=0,=0,=0,=0,=0,=0,=0,=0,=0,=0,=0,=0,=0,=0,=3,=0,=0,=0,=0,=0,=0,=0,=0,=0,=0,=0,=0,=0,=0,=0,=0,=0,=0,=0,=0,=0,=0,=0,=0,=0,=0,=0,=0,=0,=0,=0,=0,=0,=0,=0,=0,=0,=0,=0,=0,=0,=0,=0,=0,=0,=0,=0,=0,=0,=0,=0,=0,=0,=0,=0,=0,=0,=0,=0,=0,=0,=0,=0,=0,=0,=0,=0,=0,=0,=0,=0,=0,=0,=0,=0,=0,=0,=3,=0,=0,=0,=0,=0,=0,=0,=0,=0,=0,=0,=0,=0,=0,=0,=0,=0,=0,=3,=0,=0,=0,=0,=0,=0,=0,=0,=0,=0,=0,=0,=3,=0,=0,=0,=0,=0,=0,=0,=0,=0,=0,=0,=0,=0,=0,=0,=0,=0,=0,=0,=0,=0,=0,=0,=0,=0,=0,=0,=0,=0,=0,=0,=0,=0,=0,=0,=0,=0,=0,=0,=0,=0,=0,=0,=0,=0,=3,=0,=0,=0,=0,=0,=0,=0,=0,=0,=0,=0,=0,=0,=0,=0,=0,=0,=0,=0,=0,=0,=0,=0,=0,=0,=6,=0,=0,=0,=0,=0,=0,=0,=0,=0,=0,=0,=0,=0,=99,=0,=0
rose,=0,=0,=0,=0,=0,=0,=0,=0,=0,=0,=3,=0,=0,=0,=0,=0,=0,=0,=0,=0,=3,=0,=0,=0,=0,=0,=0,=0,=0,=3,=0,=0,=0,=0,=0,=3,=0,=0,=0,=0,=0,=0,=0,=0,=0,=0,=0,=0,=0,=0,=21,=0,=0,=6,=0,=0,=0,=0,=0,=0,=0,=0,=0,=0,=0,=0,=0,=0,=0,=0,=0,=0,=0,=0,=0,=3,=0,=3,=0,=0,=0,=0,=0,=0,=0,=0,=0,=0,=0,=3,=0,=0,=0,=0,=0,=0,=0,=3,=0,=0,=0,=0,=0,=0,=0,=0,=6,=0,=0,=0,=0,=0,=0,=0,=0,=0,=0,=0,=0,=0,=0,=0,=0,=0,=0,=0,=0,=0,=0,=0,=0,=0,=0,=0,=0,=0,=12,=0,=0,=0,=0,=0,=0,=0,=0,=0,=0,=3,=0,=0,=0,=0,=0,=0,=0,=0,=0,=0,=0,=0,=0,=0,=0,=0,=0,=3,=0,=0,=0,=0,=3,=0,=0,=0,=0,=0,=0,=0,=0,=0,=0,=0,=0,=0,=0,=9,=0,=0,=0,=0,=0,=3,=3,=0,=0,=0,=0,=0,=0,=3,=0,=0,=0,=0,=9,=0,=0,=0,=0,=0,=0,=0,=0,=0,=9,=0,=0,=0,=0,=0,=0,=0,=0,=0,=0,=3,=0,=0,=0,=0,=0,=0,=0,=0,=0,=3,=0,=0,=0,=0,=0,=0,=0,=0,=0,=0,=0,=0,=0,=0,=0,=0,=0,=0,=0,=0,=0,=0,=0,=0,=0,=0,=0,=0,=0,=6,=0,=0
rouge,=0,=0,=0,=0,=0,=0,=0,=0,=15,=0,=0,=0,=0,=0,=0,=0,=0,=0,=0,=0,=0,=0,=0,=0,=0,=0,=6,=0,=6,=0,=3,=21,=0,=0,=0,=0,=3,=0,=0,=0,=0,=0,=0,=0,=3,=0,=0,=0,=3,=0,=0,=0,=0,=6,=0,=0,=3,=75,=6,=3,=3,=6,=0,=0,=3,=0,=0,=3,=0,=3,=0,=0,=0,=0,=0,=3,=0,=3,=0,=3,=0,=0,=0,=0,=0,=0,=0,=0,=0,=0,=0,=0,=0,=0,=0,=0,=0,=0,=0,=0,=0,=6,=3,=0,=0,=0,=6,=0,=3,=0,=0,=3,=0,=0,=0,=0,=0,=0,=0,=0,=0,=0,=0,=0,=0,=0,=0,=0,=0,=0,=0,=0,=0,=0,=0,=0,=0,=0,=0,=0,=0,=0,=0,=0,=0,=27,=18,=3,=0,=3,=18,=0,=0,=0,=0,=0,=0,=0,=0,=0,=0,=0,=0,=0,=0,=0,=15,=0,=0,=0,=0,=0,=0,=0,=0,=0,=0,=0,=0,=0,=0,=0,=0,=9,=0,=0,=0,=0,=0,=0,=3,=3,=0,=12,=0,=0,=0,=3,=0,=0,=0,=0,=0,=0,=3,=0,=0,=33,=6,=0,=0,=3,=0,=0,=0,=0,=0,=0,=0,=3,=3,=0,=0,=0,=0,=3,=6,=0,=0,=3,=0,=0,=0,=0,=0,=0,=0,=6,=0,=39,=0,=9,=0,=0,=0,=0,=0,=0,=3,=0,=0,=33,=0,=0,=0,=0,=0,=0,=0,=9,=21,=0,=0,=0,=0,=9,=0,=9
seul,=0,=0,=3,=0,=0,=0,=0,=0,=0,=0,=0,=0,=0,=0,=0,=0,=0,=0,=0,=0,=6,=0,=0,=0,=0,=0,=0,=0,=0,=0,=0,=0,=0,=0,=0,=0,=0,=0,=0,=0,=0,=0,=0,=0,=0,=0,=0,=0,=3,=0,=0,=0,=0,=0,=0,=0,=0,=0,=0,=0,=0,=0,=0,=0,=6,=0,=0,=0,=0,=0,=0,=0,=0,=0,=0,=0,=15,=0,=0,=0,=0,=3,=0,=0,=0,=0,=0,=0,=0,=0,=0,=0,=0,=0,=0,=0,=0,=0,=0,=0,=0,=0,=0,=0,=0,=0,=0,=3,=0,=0,=0,=0,=0,=0,=0,=3,=0,=3,=0,=0,=9,=0,=0,=0,=0,=0,=0,=0,=0,=0,=0,=0,=3,=0,=0,=0,=0,=0,=3,=0,=0,=0,=0,=0,=0,=0,=0,=0,=0,=6,=0,=6,=0,=0,=0,=0,=0,=0,=0,=3,=0,=0,=0,=0,=0,=3,=0,=0,=0,=0,=0,=0,=0,=0,=0,=0,=6,=0,=0,=0,=3,=0,=0,=0,=6,=0,=3,=0,=0,=0,=0,=0,=0,=0,=0,=0,=0,=0,=0,=0,=0,=0,=0,=0,=0,=0,=0,=0,=0,=0,=0,=0,=0,=0,=0,=0,=0,=3,=3,=0,=0,=0,=0,=0,=0,=0,=0,=0,=0,=0,=0,=0,=0,=0,=0,=0,=0,=0,=0,=0,=0,=3,=0,=0,=0,=0,=0,=0,=0,=0,=0,=0,=0,=0,=0,=0,=0,=0,=0,=0,=0,=0,=0,=6,=0,=6,=0,=0
vert,=0,=0,=0,=0,=0,=0,=0,=3,=24,=0,=0,=0,=0,=0,=0,=0,=0,=0,=0,=0,=0,=0,=0,=0,=9,=0,=0,=0,=6,=0,=0,=6,=0,=0,=0,=0,=3,=0,=3,=0,=0,=0,=0,=0,=0,=0,=0,=6,=6,=0,=0,=0,=0,=0,=0,=0,=9,=0,=0,=0,=3,=6,=3,=0,=0,=0,=0,=0,=0,=3,=0,=0,=0,=0,=0,=0,=0,=0,=0,=0,=0,=0,=0,=0,=0,=0,=0,=0,=0,=0,=0,=0,=0,=0,=0,=0,=0,=0,=0,=0,=0,=6,=3,=0,=0,=0,=0,=0,=0,=0,=0,=0,=6,=0,=0,=0,=0,=0,=9,=15,=0,=0,=0,=0,=0,=0,=0,=0,=0,=3,=0,=3,=0,=0,=0,=0,=0,=0,=0,=6,=0,=0,=0,=0,=0,=6,=0,=0,=0,=3,=3,=0,=0,=0,=0,=0,=0,=0,=0,=0,=0,=3,=0,=0,=0,=0,=0,=0,=0,=0,=0,=0,=0,=0,=0,=0,=3,=0,=0,=0,=0,=0,=0,=0,=0,=0,=0,=0,=0,=0,=0,=0,=6,=0,=0,=0,=0,=0,=0,=0,=3,=0,=0,=0,=0,=0,=0,=9,=9,=0,=0,=3,=0,=0,=0,=0,=0,=0,=0,=0,=0,=0,=0,=0,=0,=9,=0,=3,=0,=0,=0,=0,=3,=0,=54,=0,=3,=3,=0,=0,=0,=9,=0,=0,=0,=0,=0,=9,=0,=0,=0,=27,=0,=3,=0,=0,=0,=0,=0,=0,=12,=0,=0,=6,=0,=6,=0,=0
vrai,=0,=0,=0,=0,=0,=0,=0,=0,=3,=0,=0,=0,=3,=0,=0,=0,=0,=0,=0,=0,=0,=0,=0,=0,=0,=0,=0,=0,=0,=0,=0,=0,=0,=0,=0,=3,=0,=0,=3,=9,=0,=3,=0,=0,=0,=0,=0,=0,=9,=0,=0,=0,=0,=0,=0,=0,=3,=0,=0,=0,=0,=0,=0,=0,=0,=0,=0,=0,=0,=0,=0,=0,=0,=0,=0,=0,=0,=0,=0,=0,=3,=0,=0,=0,=0,=0,=0,=0,=0,=0,=6,=0,=0,=0,=0,=0,=0,=0,=15,=0,=0,=0,=0,=0,=0,=0,=0,=0,=0,=0,=0,=0,=0,=0,=0,=0,=0,=0,=0,=0,=6,=0,=0,=0,=0,=0,=0,=3,=0,=0,=18,=0,=0,=0,=0,=0,=3,=0,=0,=0,=0,=0,=0,=0,=0,=0,=0,=0,=0,=0,=6,=0,=0,=0,=0,=0,=0,=0,=0,=0,=0,=0,=0,=0,=0,=0,=0,=0,=0,=0,=0,=0,=0,=0,=0,=0,=3,=0,=0,=6,=0,=0,=0,=0,=0,=3,=0,=0,=0,=0,=3,=3,=0,=0,=0,=0,=0,=0,=0,=0,=0,=0,=0,=0,=0,=0,=0,=0,=0,=0,=0,=0,=0,=0,=0,=0,=0,=0,=0,=0,=0,=0,=0,=0,=0,=0,=0,=0,=0,=0,=0,=0,=0,=0,=0,=6,=0,=3,=0,=0,=0,=0,=0,=0,=3,=0,=0,=0,=0,=0,=0,=0,=0,=3,=0,=0,=0,=0,=0,=0,=3,=0,=0,=9,=0,=0,=0,=0
